towel.blinkenlights.nl:23,
https://rudysbbq.com/,
https://104.16.132.229:8443/,
https://www.f5.com,
213.136.8.188:23,
https://www.google.com,172.217.16.78
https://www.facebook.com,
http://www.example.com,
http://astoundingbrightsilverlight.neverssl.com/online/,
https://www.f5.com/partners/find-a-partner
https://www.python.org,10.10.10.10
https://www.github.com,
https://www.microsoft.com,
https://www.apple.com,
http://192.168.1.1,
http://172.217.16.78,
http://216.58.217.206,
http://93.184.216.34,
http://151.101.1.69,
https://192.168.50.30,
http://192.50.25.25:8080,
https://www.stackoverflow.com,
https://docs.python.org/3/,
https://en.wikipedia.org/wiki/Main_Page,
https://www.example.org,
http://www.test.com,
https://www.amazon.com,
https://www.linkedin.com,
http://www.reddit.com,
https://www.netflix.com,
http://www.github.com,
https://www.spotify.com,
http://www.bing.com,
https://www.microsoft.com,13.66.22.94
http://www.apple.com,
https://www.twitter.com,
http://www.instagram.com,
https://www.snapchat.com,
http://www.whatsapp.com,
https://www.twitch.tv,
http://www.pinterest.com,
https://www.quora.com,
http://www.yelp.com,
https://www.ebay.com,
http://www.paypal.com,
https://www.adobe.com,
http://www.oracle.com,
https://www.ibm.com,
http://www.salesforce.com,
https://www.dropbox.com,
http://www.slack.com,
https://www.zoom.us,
http://www.skype.com,
https://www.intel.com,
http://www.nvidia.com,
https://www.amd.com,
http://www.hp.com,
https://www.dell.com,
http://www.lenovo.com,
https://www.asus.com,
http://www.acer.com,
https://www.samsung.com,
http://www.sony.com,
https://www.lg.com,
http://www.huawei.com,
https://www.xiaomi.com,
http://www.oppo.com,
https://www.vivo.com,
http://www.oneplus.com,
https://www.realme.com,
http://www.honor.com,
https://www.meizu.com,
http://www.htc.com,
https://www.nokia.com,
http://www.motorola.com,
https://www.zte.com,
http://www.tcl.com,
https://www.vizio.com,
http://www.philips.com,
https://www.pioneer.com,
http://www.kenwood.com,
https://www.jvc.com,
http://www.sherwood.com,
https://www.yamaha.com,
http://www.denon.com,
https://www.onkyo.com,
http://www.bose.com,
https://www.sonos.com,
http://www.marshall.com,
https://www.jbl.com,
http://www.harman.com,
https://www.klipsch.com,
http://www.logitech.com,
https://www.anker.com,
http://www.belkin.com,
https://www.zyxel.com,
http://www.tp-link.com,
https://www.netgear.com,
http://www.d-link.com,
https://www.linksys.com,
http://www.ubiquiti.com,
